{
  "name": "instant-data-lake",
  "label": "Instant Data Lake Starter Kit",
  "short_description": "Deploy a free data lake foundation in minutes, or add analytics/integration.",
  "long_description": "Get a simple, serverless data lake running instantly. No complex setup needed! Choose your starting point:\n1. **Foundation:** Store data & run SQL queries (uses free plans).\n2. **Analytics:** Add powerful dashboards & AI insights with Cognos (paid after 30-day trial).\n3. **Integration:** Connect your apps & automate tasks with App Connect (uses free plan).\nDeploys with smart defaults – no configuration required. Always check current IBM Cloud pricing.",
  "version": "1.2.0",
  "kind": "terraform",
  "tags": [
    "g-cost-synthesis",
    "iaas",
    "data-lake",
    "serverless",
    "cos",
    "db2-warehouse",
    "cognos",
    "appconnect",
    "ibm-public-compliance",
    "free-tier",
    "paid-service",
    "trial",
    "starter-kit",
    "no-config"
  ],
  "provider_name": "IBM",
  "architecture": {
    "diagrams": [
      {
        "diagram": {
          "url": "diagram.svg",
          "caption": "How the Instant Data Lake works"
        }
      }
    ]
  },
  "flavors": [
    {
      "name": "foundation",
      "label": "Foundation (Free to Start)",
      "short_description": "Instantly store data & query it with SQL. Great free starting point.",
      "working_directory": "variations/base",
      "install_type": "fullstack",
      "configuration": [
        { "key": "prefix", "type": "string", "hidden": true },
        { "key": "resource_group_name", "type": "string", "hidden": true },
        { "key": "cos_instance_name", "type": "string", "hidden": true },
        { "key": "cos_bucket_name", "type": "string", "hidden": true },
        { "key": "db2_warehouse_instance_name", "type": "string", "hidden": true },
        { "key": "region", "type": "string", "hidden": true },
        { "key": "public_cos_url_base", "type": "string", "hidden": true },
        { "key": "helper_app_source_repo", "type": "string", "hidden": true },
        { "key": "secrets_manager_instance_name", "type": "string", "hidden": true },
        { "key": "code_engine_project_name", "type": "string", "hidden": true },
        { "key": "helper_app_name", "type": "string", "hidden": true },
        { "key": "service_id_name", "type": "string", "hidden": true },
        { "key": "api_key_name", "type": "string", "hidden": true },
        { "key": "secret_name_api_key", "type": "string", "hidden": true },
        { "key": "helper_app_build_strategy", "type": "string", "hidden": true }
      ]
    },
    {
      "name": "analytics",
      "label": "Foundation + Analytics (Cognos Trial)",
      "short_description": "Add dashboards & AI insights. Cognos is paid after 30-day trial.",
      "working_directory": "variations/cognos",
      "install_type": "fullstack",
      "configuration": [
         { "key": "prefix", "type": "string", "hidden": true },
        { "key": "resource_group_name", "type": "string", "hidden": true },
        { "key": "cos_instance_name", "type": "string", "hidden": true },
        { "key": "cos_bucket_name", "type": "string", "hidden": true },
        { "key": "db2_warehouse_instance_name", "type": "string", "hidden": true },
        { "key": "region", "type": "string", "hidden": true },
        { "key": "public_cos_url_base", "type": "string", "hidden": true },
        { "key": "helper_app_source_repo", "type": "string", "hidden": true },
        { "key": "secrets_manager_instance_name", "type": "string", "hidden": true },
        { "key": "code_engine_project_name", "type": "string", "hidden": true },
        { "key": "helper_app_name", "type": "string", "hidden": true },
        { "key": "service_id_name", "type": "string", "hidden": true },
        { "key": "api_key_name", "type": "string", "hidden": true },
        { "key": "secret_name_api_key", "type": "string", "hidden": true },
        { "key": "helper_app_build_strategy", "type": "string", "hidden": true },
        { "key": "cognos_instance_name", "type": "string", "hidden": true },
        { "key": "cognos_plan", "type": "string", "hidden": true }
      ]
    },
    {
      "name": "integration",
      "label": "Foundation + Integration (App Connect Free)",
      "short_description": "Connect apps & automate tasks easily. Uses free App Connect plan.",
      "working_directory": "variations/appconnect",
      "install_type": "fullstack",
      "configuration": [
        { "key": "prefix", "type": "string", "hidden": true },
        { "key": "resource_group_name", "type": "string", "hidden": true },
        { "key": "cos_instance_name", "type": "string", "hidden": true },
        { "key": "cos_bucket_name", "type": "string", "hidden": true },
        { "key": "db2_warehouse_instance_name", "type": "string", "hidden": true },
        { "key": "region", "type": "string", "hidden": true },
        { "key": "public_cos_url_base", "type": "string", "hidden": true },
        { "key": "helper_app_source_repo", "type": "string", "hidden": true },
        { "key": "secrets_manager_instance_name", "type": "string", "hidden": true },
        { "key": "code_engine_project_name", "type": "string", "hidden": true },
        { "key": "helper_app_name", "type": "string", "hidden": true },
        { "key": "service_id_name", "type": "string", "hidden": true },
        { "key": "api_key_name", "type": "string", "hidden": true },
        { "key": "secret_name_api_key", "type": "string", "hidden": true },
        { "key": "helper_app_build_strategy", "type": "string", "hidden": true },
        { "key": "appconnect_instance_name", "type": "string", "hidden": true },
        { "key": "appconnect_plan", "type": "string", "hidden": true }
      ]
    }
  ]
}
