{
  "name": "instant-data-lake-da",
  "version": "1.0.0",
  "label": "Instant Data Lake \u2014 Serverless Helper App",
  "description": "Deploy a ready-to-explore data lake on IBM Cloud using Object Storage and a serverless Helper App on Code Engine. Includes sample CSVs and shareable live URL. No external downloads. Built and deployed entirely during terraform apply.",
  "type": "terraform",
  "product_kind": "solution",
  "provider": "IBM",
  "tags": [
    "data-lake",
    "object-storage",
    "code-engine",
    "serverless",
    "demo",
    "lite-plan",
    "terraform",
    "ibm-cloud"
  ],
  "metadata": {
    "source": "https://github.com/goanalog/instant-data-lake-da",
    "documentation": "https://github.com/goanalog/instant-data-lake-da#readme"
  },
  "hidden_inputs": [
    "ibmcloud_api_key"
  ]
}