{
  "variation_root": "./variations",
  "variation_folders": [
    {
      "name": "Starter — Explore Sample Data",
      "path": "./variations/base",
      "description": "Deploy COS with sample CSVs and a live shareable Helper App powered by Code Engine. One-click experience to explore files in the bucket immediately after deploy."
    },
    {
      "name": "Analytics — Power BI & Cognos Ready",
      "path": "./variations/cognos",
      "description": "Prepare your Object Storage bucket with recommended structure and metadata to accelerate BI workloads. Enables fast binding into Cognos and other analytics tooling."
    },
    {
      "name": "Integration — Data Flows & APIs",
      "path": "./variations/appconnect",
      "description": "Enable App Connect powered data flows and triggers. Automate ingestion from apps and services, and surface COS as an event source or API-driven storage layer."
    }
  ]
}
